Employee_ID,Office_ID,Course,Intake_Proficiency_Score,Intake_Applications_Score,Outcome_Proficiency_Score,Outcome_Applications_Score,Proficiency_Improvement,Applications_Improvement
900268,1,103,0.2355369490994046,0.2299800093213067,0.5230674375109833,0.6757167713086804,0.2875304884115787,0.44573676198737366
900275,6,103,0.2385834481278939,0.2069406286065888,0.6098062372708192,0.6548429961452563,0.3712227891429253,0.4479023675386675
900305,10,103,0.3034576969652698,0.3344258122732122,0.7267530850080359,0.6934789633251995,0.4232953880427661,0.3590531510519873
900313,12,103,0.3127480118451911,0.4254765387794367,0.8767791636580323,0.6531690794851714,0.5640311518128412,0.22769254070573475
900335,12,103,0.3697436177706618,0.1986429391330953,0.6557369747851317,0.5961760510278684,0.28599335701446993,0.39753311189477314
900338,6,103,0.1850363184847027,0.3406875318083973,0.6422933748199021,0.6804727245464457,0.4572570563351994,0.3397851927380484
900411,10,103,0.3034965401423545,0.369943857156128,0.7603299645430113,0.6737187649694575,0.4568334244006568,0.3037749078133295
900507,3,103,0.250394732596881,0.2433143667704462,0.4704206992116795,0.5385657074971459,0.2200259666147985,0.29525134072669973
900703,10,103,0.3176341433971157,0.3955389597662011,0.7370986768939619,0.7354042963143486,0.4194645334968462,0.33986533654814743
900861,1,103,0.1908779406846963,0.2216013973178855,0.7408562509525954,0.6232015754736937,0.5499783102678991,0.4016001781558082
901009,10,103,0.4416259247396039,0.4156531097563765,0.7301196017060075,0.7316230011920977,0.28849367696640366,0.3159698914357212
901086,6,103,0.1318778497599357,0.2897402476923899,0.6265508271620541,0.7011638605826992,0.49467297740211846,0.4114236128903093
901095,6,103,0.3020002968768927,0.3293730812499392,0.6259258415542169,0.6043582920718883,0.3239255446773242,0.2749852108219491
901197,10,103,0.2917062927246645,0.3638317596471662,0.6691835476635168,0.6266351267735686,0.37747725493885237,0.2628033671264024
901334,6,103,0.2798041838751203,0.29334618378973,0.6659268314816277,0.7379082170922133,0.3861226476065074,0.44456203330248334
901836,3,103,0.2895812539651234,0.2524864067136327,0.4689593004787006,0.5650636425796508,0.1793780465135772,0.3125772358660181
901864,1,103,0.1062245703292614,0.2365637823285489,0.5868218639311701,0.6619400015037799,0.48059729360190867,0.42537621917523094
901966,12,103,0.2975405621004962,0.3878393113482326,0.8056729026191563,0.6139018236385767,0.5081323405186601,0.22606251229034413
902292,8,103,0.2257974310523452,0.2660445260967092,0.814007718730826,0.626146996853047,0.5882102876784808,0.3601024707563378
902524,10,103,0.2901047217226244,0.3712648666207762,0.7122337279181424,0.687381054201862,0.422129006195518,0.31611618758108584
902888,6,103,0.293725367893708,0.2871329181233593,0.6276719942166176,0.5651109034335762,0.33394662632290956,0.2779779853102169
903263,8,103,0.226109407710425,0.1817795052294705,0.6150026103626411,0.5061022345184277,0.38889320265221616,0.3243227292889572
903941,6,103,0.3002860715605279,0.3552931522753197,0.6667665147261495,0.699657281715776,0.36648044316562156,0.3443641294404563
904058,12,103,0.3465617140747162,0.3628633911537905,0.7862181928631826,0.541338607494175,0.4396564787884664,0.17847521634038443
904159,12,103,0.373038050863651,0.276867412639736,0.7459310722029704,0.6406290440317801,0.3728930213393194,0.3637616313920441
904220,6,103,0.2267402501837127,0.2072951928323408,0.5703651775682095,0.6194298793191515,0.3436249273844968,0.41213468648681073
904228,8,103,0.3402920679571784,0.1911554028502739,0.641074128962057,0.5149316845378071,0.30078206100487853,0.32377628168753325
904483,1,103,0.2984203373384963,0.2365712654728102,0.7364531017441807,0.5843021318022452,0.43803276440568434,0.347730866329435
904970,10,103,0.3848114822164347,0.3168185478492651,0.6677076977977453,0.7968678611378616,0.2828962155813106,0.48004931328859646
904974,10,103,0.3805499309110678,0.3365982468615896,0.7679348400183704,0.6825463400890313,0.3873849091073026,0.34594809322744163
905132,12,103,0.3212064211267109,0.3839721226706698,0.8349070903861738,0.5686543929507671,0.513700669259463,0.18468227028009732
905314,12,103,0.4124504773285494,0.4000997305330649,0.8070652675725621,0.5873514098922881,0.39461479024401275,0.18725167935922316
905434,10,103,0.3200948724035518,0.2354842395307139,0.7532297374663846,0.6766228513405645,0.4331348650628328,0.44113861180985064
905778,6,103,0.2944201225544527,0.4041743156279844,0.5839452230558685,0.6844181597277325,0.2895251005014158,0.28024384409974806
906080,3,103,0.2657066683584571,0.2353633540350745,0.5438561352722636,0.5264673186935903,0.27814946691380654,0.29110396465851585
906274,1,103,0.29318931220769,0.3211373016494476,0.6723959306749371,0.6981155083813594,0.37920661846724707,0.3769782067319118
906547,6,103,0.2691481503505413,0.1998684440480939,0.6797096962165781,0.6505464597962763,0.41056154586603677,0.45067801574818245
906718,6,103,0.2529130554297734,0.3062136550700693,0.5854140164732402,0.6024196678271477,0.3325009610434668,0.2962060127570784
906725,12,103,0.3546345714510653,0.3061196812878014,0.7071049009046814,0.5364051369706607,0.35247032945361606,0.2302854556828593
906805,8,103,0.3000987067777424,0.1819777456932478,0.6504589760281578,0.5904615032777898,0.3503602692504154,0.40848375758454203
906837,12,103,0.3304270205884448,0.3919128186520452,0.713254033832844,0.6640873411164049,0.3828270132443992,0.2721745224643597
907112,1,103,0.2419443728596741,0.2549666115787713,0.7286149306471936,0.6583661303824199,0.48667055778751955,0.40339951880364855
907499,12,103,0.3062499056895252,0.2920428574381034,0.833724884520056,0.5315428472883584,0.5274749788305308,0.23949998985025506
907816,1,103,0.1475028807720703,0.3450970838792352,0.5750047782568158,0.4706318173583302,0.42750189748474554,0.125534733479095
907939,12,103,0.2766146005693298,0.3818493521038033,0.7829825311665445,0.6270408974571531,0.5063679305972146,0.2451915453533498
908241,6,103,0.1775621114702794,0.3182192624866329,0.5735816497935117,0.6859958799875269,0.3960195383232323,0.36777661750089397
908314,6,103,0.2639382932809774,0.2813315961067865,0.7259748873652813,0.726501664998213,0.46203659408430386,0.4451700688914265
908332,6,103,0.2791914408319357,0.3570899535912348,0.7037628448564959,0.67168827388522,0.4245714040245602,0.3145983202939852
908651,12,103,0.3906981309967028,0.3781797022337665,0.8254661230422223,0.5304781682864073,0.4347679920455195,0.15229846605264075
908707,1,103,0.2555529983192151,0.1542635159279909,0.7382997007585441,0.6099701158456069,0.48274670243932905,0.455706599917616
908794,1,103,0.2330756924859179,0.3080850321740557,0.6195111526068222,0.6444063550017026,0.38643546012090435,0.33632132282764693
908863,3,103,0.2929371154885982,0.1684752088016913,0.5488057349031014,0.5527244581935223,0.2558686194145032,0.384249249391831
909141,10,103,0.3911304368377676,0.3471799529546296,0.7397249780174291,0.6218964206521194,0.3485945411796615,0.27471646769748975
909472,6,103,0.237856369908411,0.2889675375310269,0.6394641155981093,0.7324726444636456,0.40160774568969837,0.4435051069326187
909608,12,103,0.3384811413131383,0.3841503169740214,0.7227255998491616,0.6072796687112362,0.38424445853602335,0.22312935173721477
909634,12,103,0.2460177979448907,0.3194779024586905,0.8133393868207682,0.5252015117433381,0.5673215888758776,0.20572360928464756
909958,6,103,0.3109355674317782,0.2536693520864453,0.6437766778858601,0.6979227136721257,0.33284111045408193,0.44425336158568035
910082,12,103,0.3559780507578123,0.2962378006633557,0.8241271921646485,0.5502683730106169,0.46814914140683617,0.25403057234726123
910170,10,103,0.2958285366386883,0.3309005446696181,0.7040933243005748,0.6675106593554597,0.4082647876618865,0.3366101146858416
910226,10,103,0.3351505030589756,0.3716392240577271,0.6847982958801418,0.8089003326092606,0.34964779282116626,0.43726110855153355
910663,10,103,0.3198036416596959,0.2906037161916789,0.6808186366475804,0.7219992774813373,0.3610149949878845,0.4313955612896584
910669,8,103,0.2823026927243691,0.3034337548454655,0.6485174326906463,0.5961683945857359,0.36621473996627724,0.2927346397402704
910927,6,103,0.27425838215997,0.2125120573195769,0.6316314704439506,0.6210939093200853,0.3573730882839806,0.40858185200050845
910960,10,103,0.3549864214416185,0.4007675831306039,0.6815906700279917,0.7029230484826647,0.32660424858637316,0.30215546535206084
911139,10,103,0.3545103934430149,0.3467828550749613,0.6350705930219777,0.6828505959934432,0.2805601995789628,0.3360677409184819
911278,3,103,0.1845831530343158,0.2447095476241288,0.5596924136191614,0.5777470442419873,0.3751092605848456,0.33303749661785853
911306,3,103,0.2578728904086932,0.1985658395267008,0.4990624373750535,0.5272875583032477,0.2411895469663603,0.3287217187765469
911414,6,103,0.2708835907877853,0.2526953566151597,0.6156205736765825,0.6569772822786433,0.3447369828887972,0.4042819256634836
911774,8,103,0.3727162104229937,0.252096213378548,0.6299028675684538,0.588616553279,0.25718665714546013,0.336520339900452
911990,12,103,0.2714900533339903,0.3380626260277043,0.6518420147817,0.6032416966256339,0.3803519614477097,0.26517907059792956
912341,12,103,0.3258382197498075,0.3647504466666096,0.7123394587919027,0.4911281195192909,0.38650123904209527,0.1263776728526813
912856,6,103,0.2555432376467878,0.21656465735104,0.6092964692409015,0.6438277591071332,0.3537532315941137,0.42726310175609317
912921,10,103,0.3137103655885986,0.3060778917741613,0.6996364088738171,0.6656646824973962,0.38592604328521846,0.3595867907232349
913242,12,103,0.3537144065864932,0.4366228805208126,0.6915551006098424,0.5825625605490824,0.33784069402334915,0.1459396800282698
913415,12,103,0.3847886362633878,0.34090574193557,0.9321505672174402,0.4861350510960328,0.5473619309540524,0.14522930916046278
913638,6,103,0.2957217744732374,0.2759413142666834,0.6255497011949487,0.6096518694943509,0.3298279267217113,0.3337105552276675
914462,12,103,0.3862013050925992,0.2782005784903132,0.7446509914375375,0.6627464384056482,0.35844968634493835,0.38454585991533496
914822,8,103,0.2837573647226409,0.2671014290437569,0.6773801838694232,0.4681558164807237,0.3936228191467823,0.2010543874369668
915093,10,103,0.2548102203985797,0.3708359122426733,0.7092692110183155,0.6822102450262856,0.4544589906197358,0.31137433278361226
915426,3,103,0.2715784437301854,0.1538554000154275,0.5387916828284537,0.5034092459944017,0.2672132390982683,0.3495538459789742
915440,10,103,0.4050364773211802,0.3540780954281584,0.6318061524509625,0.8048098083688204,0.2267696751297823,0.45073171294066205
915509,10,103,0.3114049699790388,0.3668685690365951,0.692125267722083,0.7439065754070395,0.3807202977430442,0.37703800637044443
915626,12,103,0.3544493767447747,0.320024994842322,0.8420421324343365,0.6150785551608828,0.48759275568956173,0.29505356031856084
915857,10,103,0.4497817388246314,0.4319862329469696,0.8335271714605325,0.72886587961244,0.38374543263590105,0.2968796466654704
916025,10,103,0.3102300166389384,0.3225504162611631,0.6727184524799971,0.7372451346044554,0.36248843584105866,0.4146947183432923
916195,10,103,0.3494931036432265,0.2962446145770531,0.5527059928172943,0.7118231746145619,0.20321288917406777,0.4155785600375088
916843,6,103,0.3059347297423633,0.2581912799368663,0.6440846017846048,0.6549202059514907,0.3381498720422415,0.3967289260146244
916858,1,103,0.2637599206889066,0.2887808073673992,0.7346752957200932,0.6219500359368219,0.4709153750311866,0.33316922856942266
916892,8,103,0.2254999720180464,0.290769635567128,0.6941483445839168,0.5942829371215013,0.46864837256587044,0.3035133015543733
916921,8,103,0.3273373508627792,0.3489031747116133,0.766219080247933,0.5504673834271416,0.43888172938515374,0.20156420871552833
916948,8,103,0.2898723315958991,0.2729296262260555,0.6746671642694975,0.5187244148144006,0.3847948326735984,0.24579478858834508
917294,12,103,0.4028301881000009,0.3673462885937628,0.7991555769147947,0.5749296220009926,0.3963253888147938,0.20758333340722984
917419,6,103,0.2657642502588728,0.281021147044893,0.6123942682683543,0.6662931675064253,0.3466300180094815,0.3852720204615323
917559,8,103,0.3607692254599687,0.2192331628674251,0.7364400825006544,0.5180858263651489,0.3756708570406857,0.29885266349772377
917587,10,103,0.3748118129117376,0.3376991197097295,0.7030590266937793,0.7342909082914181,0.3282472137820417,0.3965917885816886
918149,6,103,0.3159503386307224,0.1896242444802577,0.6804559568661057,0.5892621751664266,0.3645056182353833,0.39963793068616893
918233,10,103,0.3299644829492292,0.320151712646314,0.8266934743626576,0.7189267175577971,0.4967289914134284,0.39877500491148316
918265,6,103,0.2778580616615608,0.350690791681731,0.5621430279834614,0.6597303363068354,0.2842849663219006,0.3090395446251044
918332,6,103,0.1782711137687095,0.2532327033267536,0.5948001234863146,0.6556793523669692,0.4165290097176051,0.40244664904021554
918453,10,103,0.2844732421428905,0.3141850512626699,0.7049888900504164,0.7506384039490603,0.42051564790752594,0.43645335268639046
918577,8,103,0.3274270344547278,0.2234407455493104,0.6761777017294224,0.5611630301151014,0.34875066727469456,0.337722284565791
918913,6,103,0.2321455692806162,0.2448272962354456,0.655609557521398,0.6541130227547541,0.42346398824078185,0.4092857265193085
919086,6,103,0.2211218025612938,0.16116884008345,0.6963593226837873,0.5954740884680587,0.47523752012249354,0.4343052483846087
919173,6,103,0.3550362879301311,0.2482557046253057,0.6201166851421818,0.5678418093654911,0.2650803972120507,0.31958610474018545
919392,1,103,0.2920635382750174,0.2371474602256856,0.7762389136953927,0.6810552514456841,0.48417537542037525,0.4439077912199985
919646,10,103,0.2313132863145603,0.4410284314414688,0.7712647403794112,0.7640573695418341,0.5399514540648509,0.3230289381003653
919872,1,103,0.1548511272157385,0.2237364421847869,0.6826444794466878,0.7060239234872562,0.5277933522309494,0.4822874813024693
920092,8,103,0.1912146100462657,0.3056992181550411,0.6855651211043325,0.5255494233055658,0.4943505110580668,0.21985020515052467
920269,10,103,0.2994540337392388,0.3626221540116878,0.7010952702634828,0.6831188238189174,0.40164123652424405,0.32049666980722963
920541,6,103,0.2178993327337919,0.2543622955270112,0.6339591678372799,0.6466414140257293,0.416059835103488,0.3922791184987181
920731,1,103,0.3141190303773034,0.3664797215891908,0.6570422079438817,0.6410564395198654,0.3429231775665783,0.27457671793067456
920746,6,103,0.3636977786628057,0.2668493440756463,0.7144817062263188,0.7289666748373691,0.35078392756351306,0.4621173307617228
921020,8,103,0.1502050024488168,0.2668880143317622,0.6728594003350198,0.5766476527680917,0.522654397886203,0.30975963843632953
921058,10,103,0.3767318410474621,0.3641408031366674,0.8126033808414127,0.7479455721512942,0.4358715397939506,0.3838047690146268
921173,3,103,0.3425225808647275,0.2018365492368409,0.4689119371937933,0.5366089193253423,0.12638935632906584,0.33477237008850136
921196,8,103,0.312158000237032,0.2784494005398866,0.6886559535972698,0.5517339659351105,0.37649795336023784,0.2732845653952239
921246,1,103,0.2812983552073479,0.3329316295532026,0.670629603637284,0.6472111478098798,0.38933124842993605,0.31427951825667716
921744,10,103,0.3285910734294494,0.3627701476015806,0.6828895624544352,0.76989920150827,0.35429848902498584,0.40712905390668935
921929,3,103,0.2744831321852923,0.2464741456768191,0.5134673406226735,0.5174367953571183,0.23898420843738122,0.27096264968029915
921990,1,103,0.3032337138569844,0.1367399724582116,0.680049330541942,0.6479438529444904,0.37681561668495767,0.5112038804862788
922309,3,103,0.3216158734766336,0.1675780902853466,0.5261585991947596,0.4833900220945297,0.20454272571812598,0.3158119318091831
922442,12,103,0.3325760104264376,0.3665452881241914,0.7362250846298419,0.6654909500597163,0.40364907420340435,0.29894566193552485
922456,1,103,0.2261903866555955,0.2280537177908557,0.7293621454242312,0.733094455364898,0.5031717587686357,0.5050407375740423
922620,10,103,0.2836532701529884,0.4446204644927067,0.7526421348573316,0.7462899269784283,0.46898886470434314,0.30166946248572163
922703,10,103,0.2515401310480734,0.3525557081547887,0.6740185971411287,0.7513351350038417,0.4224784660930553,0.39877942684905304
922768,8,103,0.22275222510372,0.2867678880951725,0.7886574674648772,0.5971272345144677,0.5659052423611572,0.3103593464192952
922826,8,103,0.3717966541611049,0.2918509076965047,0.6999623552029639,0.5278332801596112,0.328165701041859,0.2359823724631065
922833,12,103,0.2850683381432315,0.3250266733462217,0.7464444504720529,0.5720746698261595,0.46137611232882136,0.2470479964799378
922868,6,103,0.2123363521577968,0.30666492522544,0.5784116592456545,0.5426334372252972,0.36607530708785774,0.23596851199985724
922945,6,103,0.2677104617953576,0.2828335565546544,0.6151909112773932,0.7474322599122905,0.3474804494820356,0.46459870335763603
923435,6,103,0.2191023714683428,0.2808563292240015,0.6783297000279257,0.7105566757431097,0.4592273285595829,0.42970034651910816
923460,6,103,0.2857536634717924,0.2119202785723558,0.658994693856765,0.5943929395577596,0.37324103038497264,0.38247266098540383
923776,3,103,0.286359476698366,0.1152922438219454,0.4982555005633742,0.5529448259261261,0.21189602386500822,0.43765258210418073
923804,6,103,0.2274508239604357,0.2750687661449494,0.6488910852946161,0.6288857403783863,0.42144026133418044,0.3538169742334369
923812,10,103,0.4077797593183679,0.36314328164381,0.7565385408365992,0.805658189027728,0.3487587815182313,0.442514907383918
923962,6,103,0.206057653600016,0.2939953748890953,0.6598992827967767,0.6807676359112473,0.4538416291967607,0.38677226102215206
924411,6,103,0.2376960686442379,0.2640072178347042,0.6291423844520306,0.6388233610844718,0.39144631580779277,0.3748161432497676
924649,12,103,0.2870248422755457,0.4659239677998705,0.7054669555465075,0.5221917859263073,0.4184421132709618,0.05626781812643683
924875,1,103,0.2126638773288426,0.1820802812534558,0.6590804725527307,0.725962261226326,0.4464165952238881,0.5438819799728702
924914,1,103,0.1883705955104987,0.1628122007060548,0.660420147352088,0.6545469930593906,0.47204955184158925,0.4917347923533358
925027,3,103,0.3159480196100194,0.1677756182215704,0.5937528775244723,0.5195350683025846,0.27780485791445286,0.35175945008101417
925129,6,103,0.2740825850032628,0.321923095647553,0.6548907357786835,0.6269498901101501,0.3808081507754207,0.3050267944625971
925136,12,103,0.3242499943362171,0.4489547252060418,0.7321840683366748,0.6332939480815134,0.4079340740004577,0.1843392228754716
925482,6,103,0.2888832267067539,0.2722888139080021,0.6052228682187348,0.6310115466990182,0.3163396415119809,0.3587227327910161
925782,8,103,0.2341984369481967,0.2729909863750138,0.6863077642873961,0.5675595933966503,0.45210932733919945,0.2945686070216365
925874,6,103,0.2987341549774079,0.2772645013488195,0.5312742996911946,0.6176986099344884,0.23254014471378665,0.3404341085856689
925993,12,103,0.3439576924005317,0.4061674292264784,0.6679499055177838,0.5484430364044707,0.32399221311725207,0.14227560717799226
926137,12,103,0.2960417607038487,0.410975054346135,0.8310400158672977,0.5989528004318111,0.534998255163449,0.18797774608567608
926351,6,103,0.267581349339791,0.1722724281173494,0.7227301339995014,0.6349356851743478,0.45514878465971037,0.4626632570569984
926806,1,103,0.2326845201491748,0.3190829156491059,0.6981564863522319,0.5593768308783675,0.46547196620305714,0.24029391522926163
927286,3,103,0.2757007767244208,0.306855722607408,0.5145295431422457,0.4049046606197257,0.23882876641782497,0.09804893801231768
927319,3,103,0.2683215457006804,0.2372601211290653,0.5353312855618415,0.5127109296429836,0.2670097398611611,0.2754508085139183
927760,10,103,0.3016538924338551,0.3735333090931531,0.7352707215791273,0.6830099299271238,0.4336168291452722,0.30947662083397076
927768,6,103,0.2789262966393624,0.2834520145708153,0.6109695518124808,0.6365761818988178,0.3320432551731184,0.3531241673280025
927794,6,103,0.2240380532939029,0.207158364536047,0.5597958322270871,0.7291094187049818,0.33575777893318415,0.5219510541689348
927978,6,103,0.2627973672512098,0.3111200699428985,0.6597845369457117,0.560552823213067,0.39698716969450193,0.2494327532701685
928020,10,103,0.349681239500226,0.2631830609466233,0.6261791406953338,0.688531987395216,0.27649790119510775,0.42534892644859273
928711,6,103,0.2882942946917959,0.2389743474068491,0.647875164891021,0.6195500188902128,0.35958087019922513,0.3805756714833637
929174,6,103,0.2144051751717399,0.2208239069356957,0.6071606817728391,0.6856354278238913,0.3927555066010992,0.4648115208881956
929289,8,103,0.2587070473528841,0.3206587313550542,0.6098417964790828,0.5245590431154875,0.3511347491261987,0.20390031176043333
929299,12,103,0.1998265420878057,0.3570562184302973,0.7999045703517453,0.6835936397050083,0.6000780282639396,0.326537421274711
929317,6,103,0.2211266186781904,0.261309638683517,0.631330510401695,0.6687808209091248,0.4102038917235046,0.40747118222560785
929340,3,103,0.3115273362789623,0.1903723183716929,0.5069796552648015,0.4512271611666189,0.1954523189858392,0.260854842794926
929580,6,103,0.2885293429058866,0.2628797036086092,0.5971812080782113,0.623569705843024,0.3086518651723247,0.3606900022344148
929681,12,103,0.3000913634111266,0.3717216785110709,0.5866328343848328,0.5827593327990147,0.28654147097370625,0.2110376542879438
929722,10,103,0.2434366034594681,0.2931021130952527,0.7839081355146386,0.7040372486256911,0.5404715320551705,0.41093513553043837
929752,6,103,0.2628935620604032,0.2112280930424165,0.6347388613305357,0.6379174360813333,0.3718452992701325,0.4266893430389168
929886,1,103,0.2173645928854023,0.1810706086941929,0.7025368667876044,0.5570498820982909,0.4851722739022021,0.375979273404098
930070,10,103,0.3160906025117581,0.4057995224476147,0.7397637523068611,0.6451914965255395,0.423673149795103,0.23939197407792484
930279,10,103,0.3993050516052954,0.4108962802840435,0.8539048367037891,0.7137104156919485,0.45459978509849375,0.30281413540790497
930334,3,103,0.2271097964764615,0.1714597473088872,0.5314176699579862,0.4951969959118459,0.3043078734815247,0.3237372486029587
930622,3,103,0.3226704980134962,0.2363412480252609,0.5345790846662881,0.5710330332389951,0.21190858665279194,0.3346917852137342
931145,10,103,0.3331273721579032,0.3514261059248185,0.74543308710115,0.6433500463673986,0.41230571494324675,0.2919239404425801
931231,6,103,0.3581769316961581,0.3017816326528602,0.5330416401218939,0.679950159336091,0.17486470842573582,0.37816852668323087
931265,6,103,0.29407206917448,0.2719358532307765,0.5794788371676497,0.623559737389948,0.2854067679931697,0.35162388415917145
931332,12,103,0.3599578370289721,0.3098559531866035,0.8046098772439797,0.5409131854733452,0.4446520402150076,0.2310572322867417
931445,6,103,0.1745432161389734,0.2818837981551381,0.6455681236779169,0.6347773667342324,0.47102490753894355,0.35289356857909426
931538,6,103,0.3053747339649502,0.2671109970889143,0.5884087918378088,0.686152778831524,0.2830340578728586,0.41904178174260975
931966,3,103,0.2932056689189825,0.2878875250239421,0.4939586420462382,0.4902486471952777,0.2007529731272557,0.20236112217133562
932832,6,103,0.2507676046968581,0.263592764261924,0.6669518609672083,0.6646073691462906,0.41618425627035016,0.4010146048843666
932909,6,103,0.2540230809408602,0.2865215729263539,0.5727524869305483,0.7201495699013063,0.3187294059896881,0.4336279969749524
932953,12,103,0.4218296262387436,0.43040711275247,0.7905529492566716,0.5663688782533496,0.36872332301792804,0.13596176550087957
933004,6,103,0.2381465273830243,0.1941111962813505,0.5535490376116741,0.6361170361635502,0.31540251022864974,0.44200583988219966
933424,6,103,0.1962166917341386,0.2803663708979054,0.6467456294797739,0.5803988665028674,0.4505289377456353,0.30003249560496204
933482,6,103,0.2823021479609685,0.2474370456772569,0.6859038744317802,0.6148646605658371,0.4036017264708118,0.3674276148885802
933643,6,103,0.3698808372545225,0.2512125715175317,0.5525076230697997,0.7223302763989333,0.18262678581527725,0.47111770488140164
933684,10,103,0.3781231603710705,0.346225500836188,0.6048900439721347,0.633554139600242,0.22676688360106423,0.28732863876405396
933896,12,103,0.3448776543296445,0.3634202797321832,0.7999581745884987,0.5412133057098563,0.4550805202588542,0.17779302597767305
933990,12,103,0.2220988169670062,0.3281692989518641,0.8143850860696095,0.6456191049794183,0.5922862691026033,0.31744980602755424
934466,3,103,0.2676142629180624,0.1920854304645017,0.5499449574701879,0.4616903591448575,0.2823306945521255,0.2696049286803558
934470,6,103,0.254418774651489,0.2350441073357215,0.5915799574331337,0.6339222676106684,0.33716118278164475,0.3988781602749469
934669,6,103,0.235513892251772,0.3470743450505961,0.722467238481336,0.6410508319197399,0.486953346229564,0.2939764868691438
935431,6,103,0.2684296699460638,0.348253182812704,0.6598315605453258,0.6985649950633936,0.39140189059926195,0.35031181225068964
935756,8,103,0.1846227166839528,0.2627046108831107,0.68926585160642,0.5659895134948905,0.5046431349224672,0.30328490261177976
935782,6,103,0.1858199722285657,0.27090499426031,0.5494428800757789,0.5772250714628205,0.3636229078472132,0.30632007720251053
935876,8,103,0.2443285559495207,0.2463708373792196,0.7124079101142664,0.5934918217037781,0.4680793541647457,0.3471209843245585
936058,12,103,0.304720180698453,0.3962158899668133,0.7721129868429165,0.6385229649669235,0.4673928061444635,0.24230707500011023
936211,10,103,0.3030427746856615,0.2081165989187783,0.6765011603079962,0.6071251732807614,0.37345838562233474,0.3990085743619831
936258,1,103,0.2620648519857927,0.2124759354894532,0.7841516474351145,0.6359125763651734,0.5220867954493218,0.4234366408757202
936800,6,103,0.1663682889971765,0.2878566122570268,0.6255211143633403,0.584831863090741,0.45915282536616386,0.2969752508337142
937092,12,103,0.2588143060219409,0.3179198334532003,0.8242828665024703,0.6380992273004785,0.5654685604805294,0.3201793938472782
937421,10,103,0.2609545134547529,0.3467882984204262,0.7098272238215353,0.8353102502957298,0.4488727103667824,0.4885219518753036
937586,6,103,0.273691241157616,0.2744209993432521,0.6146914587455917,0.6820162977449797,0.3410002175879757,0.40759529840172765
937657,12,103,0.3683302396025483,0.2494229017936636,0.7621755613257596,0.5338739229230876,0.3938453217232113,0.28445102112942394
937732,12,103,0.2943818960275011,0.2845481331222148,0.6946118817565687,0.6942517421640763,0.40022998572906765,0.4097036090418615
937924,8,103,0.1875959723266643,0.1867194700980632,0.574931398587453,0.4485098598577576,0.3873354262607887,0.2617903897596944
938053,10,103,0.3375164537796354,0.3778620306721716,0.6888763742670827,0.7691376598264184,0.3513599204874473,0.39127562915424674
938360,10,103,0.382110874803489,0.3774674660359112,0.7196566926684728,0.7075956182297436,0.3375458178649838,0.3301281521938324
938364,6,103,0.2551844775600163,0.3146232309090097,0.5839231945851943,0.6775716747359324,0.328738717025178,0.3629484438269227
938372,8,103,0.3199033060569973,0.299772503219731,0.6182450852436758,0.5512281939732353,0.29834177918667854,0.2514556907535043
938414,12,103,0.2741044433268632,0.3723004124890373,0.6080812647394467,0.6784475051731851,0.3339768214125835,0.3061470926841478
938495,10,103,0.3550621330982848,0.367554948311163,0.655093811651155,0.6824774286231902,0.30003167855287016,0.3149224803120272
938712,10,103,0.345004291675306,0.3265823192077574,0.8000648465425638,0.8023928507226921,0.4550605548672578,0.4758105315149347
938722,3,103,0.255169251853051,0.3601772062634564,0.4697235956076734,0.5078983592504589,0.2145543437546224,0.1477211529870025
938754,12,103,0.3394532767024817,0.3351888278798887,0.8078823380519335,0.5602202839282381,0.46842906134945184,0.2250314560483494
938879,10,103,0.3554661335941121,0.3538695604803918,0.6870268055528027,0.7193128132070729,0.3315606719586906,0.36544325272668104
938902,3,103,0.3063116292759127,0.1370285867770105,0.4640964232555866,0.5193203869088955,0.15778479397967388,0.382291800131885
939004,12,103,0.3330626150380978,0.3083672442865748,0.7163296354769237,0.5910024831331256,0.38326702043882593,0.28263523884655084
939357,6,103,0.1724516021912431,0.1938344557234057,0.5649435501558867,0.637997041040537,0.3924919479646436,0.44416258531713126
939482,3,103,0.3486483547787447,0.2148008700168556,0.4802545741941929,0.495759281010197,0.1316062194154482,0.2809584109933414
939509,1,103,0.2134049067661785,0.2250471685851326,0.7264010276006249,0.643390419485918,0.5129961208344463,0.4183432509007854
939728,10,103,0.3174656943164984,0.3800154079076896,0.7314542101954734,0.714596244894188,0.413988515878975,0.33458083698649843
939927,6,103,0.1482443449207646,0.2851393054501437,0.6205116367518316,0.6947761798434519,0.472267291831067,0.40963687439330815
940332,6,103,0.1654016405373781,0.3104176689260494,0.6003347166086191,0.751786340015838,0.43493307607124104,0.4413686710897886
940449,10,103,0.3135119823584256,0.4407675315601937,0.7214373326897484,0.6884790961754264,0.4079253503313228,0.24771156461523264
940537,1,103,0.2629724421297307,0.2229992996697368,0.6156689748278315,0.6124713720159966,0.35269653269810075,0.38947207234625975
940548,8,103,0.3039936621788173,0.2111823200442336,0.6921099333281757,0.5175232622480712,0.3881162711493584,0.3063409422038376
941135,6,103,0.2712901564223954,0.3230030620560929,0.6672001277285323,0.7016823861866883,0.3959099713061369,0.3786793241305954
941371,10,103,0.3785844112355513,0.340308716534827,0.7310299291947563,0.7746570928403886,0.352445517959205,0.4343483763055616
941742,12,103,0.3667010058617464,0.3771609216727662,0.7035798614325632,0.5953215608267471,0.3368788555708168,0.21816063915398093
941907,10,103,0.3333262174955878,0.4150409207182459,0.7822944232479023,0.6831910490414941,0.44896820575231455,0.2681501283232482
941959,12,103,0.2475440692223637,0.3890334841500308,0.8126739042655179,0.6466563437924022,0.5651298350431542,0.2576228596423714
942420,1,103,0.2376526920458701,0.2185002969637604,0.6865120803344618,0.6804976413467921,0.4488593882885916,0.46199734438303175
942490,6,103,0.1904774909875932,0.2577495164097916,0.6461804292693312,0.5469775041246069,0.45570293828173797,0.2892279877148153
942565,3,103,0.2575095969941866,0.2735171583601076,0.5118551005356936,0.6020133893510727,0.25434550354150703,0.32849623099096514
942935,6,103,0.2414336914764528,0.2903402785310641,0.6463193294026244,0.6082953509991721,0.4048856379261716,0.317955072468108
943068,12,103,0.2612545764664432,0.410685002303445,0.7786609161188525,0.4699443819094611,0.5174063396524093,0.05925937960601607
943152,6,103,0.1395868722432949,0.2897985481989463,0.6987012537101609,0.6799016643746756,0.559114381466866,0.3901031161757293
943556,3,103,0.240425007121255,0.159508754150427,0.588982572492096,0.5092152597516174,0.3485575653708409,0.34970650560119043
943724,6,103,0.1896274497768107,0.3456641262709686,0.6045626182745281,0.6591164237462724,0.4149351684977174,0.31345229747530384
943759,3,103,0.2559298401748875,0.2461421133850251,0.4557601588994568,0.4736168271109702,0.1998303187245693,0.2274747137259451
943863,6,103,0.1233835284837467,0.2467246749063625,0.6367108872813224,0.6733843510242418,0.5133273587975757,0.42665967611787925
943990,6,103,0.3076738093148807,0.2977390971477984,0.6337207185561614,0.6165214952166663,0.3260469092412807,0.31878239806886793
944175,1,103,0.251275880856747,0.2705785753738399,0.7238764768435768,0.753071676983472,0.4726005959868298,0.4824931016096321
944341,10,103,0.4580349835603065,0.3335583363059851,0.6972735609428639,0.8069931030862159,0.23923857738255738,0.4734347667802308
944569,8,103,0.3116276001738483,0.2658477792381569,0.6534187946661922,0.6379042295076182,0.34179119449234396,0.37205645026946127
944582,10,103,0.2868767563653515,0.4100833009464911,0.7236881681592003,0.7100674605259214,0.43681141179384886,0.2999841595794303
945019,12,103,0.3050064427812035,0.3786723269742529,0.8564133178284515,0.599673836124828,0.5514068750472481,0.22100150915057515
945130,10,103,0.3582616857384915,0.2614709782845285,0.6385085041567389,0.6965822304635383,0.2802468184182474,0.4351112521790098
945170,1,103,0.2187375303689702,0.2639200118411633,0.617608600993616,0.6949295566773389,0.39887107062464583,0.4310095448361756
945188,6,103,0.2644206191082006,0.2807120727693616,0.6056986209166279,0.6280002068101299,0.34127800180842727,0.3472881340407683
945741,1,103,0.2473379152785645,0.2888857349554025,0.6021891248758988,0.6706117587677867,0.3548512095973343,0.3817260238123842
945757,1,103,0.197801996042716,0.2871401889666721,0.6424526856754422,0.7124991408530107,0.44465068963272625,0.4253589518863386
945763,6,103,0.2248673530373746,0.2081307661648276,0.5986617507794204,0.6201142786300587,0.3737943977420458,0.4119835124652311
945840,6,103,0.3354119150001729,0.1714536797556981,0.5484360770496085,0.6929665974110449,0.21302416204943558,0.5215129176553468
945973,3,103,0.2415392438244346,0.2274724009959982,0.4936692611404522,0.5881678989741108,0.2521300173160176,0.3606954979781126
946013,1,103,0.2712642644662529,0.2229716713412328,0.7180355170690724,0.6583463192201927,0.4467712526028195,0.4353746478789599
946028,1,103,0.1628043735959463,0.2326721619831105,0.7212363514734778,0.6501289796621289,0.5584319778775315,0.41745681767901843
946849,6,103,0.3098637687723555,0.2700450983307189,0.6354078358620483,0.6523525326043745,0.3255440670896928,0.38230743427365566
946960,12,103,0.345316961238118,0.2822854991694493,0.633216693368473,0.5503487517045219,0.28789973213035497,0.2680632525350726
947005,10,103,0.2947430501203577,0.3343404516974144,0.7350051107432897,0.6541612763397391,0.440262060622932,0.3198208246423247
947042,6,103,0.2642360582748734,0.2638533060278943,0.5199040734227904,0.630949585326041,0.25566801514791704,0.36709627929814664
947662,10,103,0.3366561822800508,0.3498003613667031,0.6519418082612926,0.7199675075592696,0.31528562598124177,0.3701671461925665
947725,10,103,0.2631452238579815,0.3037543233708723,0.590518772057854,0.6225042852867846,0.32737354819987247,0.31874996191591226
947767,10,103,0.2973677429719802,0.2641033013418805,0.637565836012285,0.6577137164335937,0.3401980930403048,0.3936104150917132
948439,6,103,0.2679193471531484,0.3147803609609642,0.6021753125118534,0.6389607263478607,0.334255965358705,0.32418036538689654
948476,6,103,0.2686974105958722,0.3106131554985724,0.7266282274343944,0.6148724446838779,0.45793081683852216,0.30425928918530554
948553,6,103,0.2512925016227954,0.2980854734772513,0.5518928724273344,0.6627633137918271,0.30060037080453905,0.3646778403145758
948776,12,103,0.3711779309820414,0.2878585206496143,0.7287475601953979,0.6000901461530894,0.3575696292133565,0.3122316255034751
948831,6,103,0.1867719205587754,0.2694322481122915,0.6162436142364506,0.6859862729914958,0.4294716936776752,0.41655402487920434
948860,6,103,0.2392133902782114,0.1373377062701847,0.5119256573915367,0.6701747832005107,0.2727122671133253,0.532837076930326
949165,12,103,0.3885182527171911,0.3332725607156153,0.6917475659879769,0.617803829045958,0.30322931327078584,0.2845312683303427
949223,12,103,0.2591798082716086,0.3501236440662874,0.7186194632611453,0.5935027715975497,0.45943965498953676,0.24337912753126234
949373,12,103,0.3253169470748936,0.393167280152239,0.8335304793335729,0.5904682382142281,0.5082135322586794,0.1973009580619891
949409,1,103,0.2619450952838436,0.2326632461878184,0.6396215726747633,0.6190159590036947,0.3776764773909197,0.38635271281587624
949522,6,103,0.259733088418722,0.3237440254648215,0.635768730821442,0.5983001728231184,0.37603564240272,0.2745561473582969
949594,6,103,0.1496403187717332,0.2560524456767712,0.6573445739830547,0.618065062279362,0.5077042552113215,0.36201261660259076
949696,8,103,0.2507637272170902,0.243361896656814,0.6968917916954998,0.633033473004715,0.4461280644784095,0.38967157634790106
949720,3,103,0.2986650731218574,0.3410383595370918,0.5650869207648861,0.5104032512094111,0.2664218476430287,0.16936489167231933
949895,10,103,0.4327046946674306,0.3736640212363357,0.768908807311312,0.6681364488152105,0.33620411264388134,0.2944724275788748
950502,6,103,0.2964297372844354,0.3049746745993912,0.675416626240866,0.6767902611958346,0.37898688895643057,0.3718155865964434
950636,12,103,0.3137918336695887,0.3182261048416688,0.7423653254428143,0.5943800822731423,0.4285734917732256,0.2761539774314735
950734,10,103,0.344900359538174,0.3491216473316773,0.6988575682279354,0.6558316315026117,0.35395720868976144,0.3067099841709344
950901,12,103,0.467971060470199,0.3243401327877468,0.7197760357697385,0.5479018176472376,0.2518049752995395,0.22356168485949074
950929,10,103,0.2692502493259666,0.4043908986383142,0.6908182066728779,0.711441999599958,0.42156795734691127,0.30705110096164384
951220,10,103,0.3291413279168876,0.320649358861409,0.7629664582220465,0.6695150122079696,0.43382513030515885,0.3488656533465606
951312,12,103,0.3936511469101339,0.3717505796314779,0.8701196539166298,0.5634349745141287,0.4764685070064959,0.19168439488265082
951458,6,103,0.2007798910404752,0.3560883494705467,0.6123342012284645,0.5551051741749113,0.41155431018798927,0.19901682470436466
951532,8,103,0.2748699889948712,0.2603475202910446,0.7214050881901181,0.5648580358442464,0.44653509919524687,0.30451051555320185
951565,6,103,0.2178632379161112,0.2258389111227587,0.6379855071062764,0.7138584207789038,0.42012226919016527,0.48801950965614516
951585,8,103,0.2295955601973279,0.2935874661084267,0.7708201323914319,0.5904615673896675,0.541224572194104,0.2968741012812408
951861,8,103,0.2435713808154644,0.3429098377350663,0.7379425287044012,0.5653436102846591,0.4943711478889369,0.2224337725495928
952132,8,103,0.2706219750669335,0.2333723349812254,0.6593557458090759,0.5728328734900602,0.3887337707421424,0.3394605385088348
952169,8,103,0.2983043985933108,0.2360382393673792,0.6279202515151983,0.5247128475747184,0.32961585292188744,0.28867460820733915
952335,6,103,0.2826195733434153,0.2467209875058154,0.6020317635543757,0.6777646119472324,0.3194121902109604,0.431043624441417
953112,10,103,0.2768618537640652,0.38754103935332,0.745357302534429,0.7689029910697152,0.4684954487703638,0.38136195171639514
953350,3,103,0.2736165716800974,0.3445207456134379,0.5317345103856737,0.5204173440403872,0.25811793870557626,0.17589659842694932
953704,8,103,0.283857885720731,0.2896775695190074,0.7349293859026151,0.5828174539649628,0.45107150018188413,0.29313988444595535
953848,1,103,0.2527572407614746,0.331278483394425,0.7135351971626902,0.6442086179345549,0.4607779564012156,0.31293013454012986
953867,3,103,0.2119409199880084,0.2399824049208905,0.5864003154234109,0.558494804480837,0.37445939543540246,0.3185123995599465
954055,8,103,0.3640764332494933,0.2955388850537798,0.7424293293367477,0.551865429189959,0.37835289608725436,0.25632654413617917
954584,10,103,0.3315009156690685,0.3189655765642059,0.7753005500056456,0.7331147874416623,0.4437996343365771,0.4141492108774564
954607,1,103,0.30508557249063,0.2476876573973293,0.7063955808667081,0.5473666632848043,0.40131000837607805,0.299679005887475
954780,3,103,0.1991214703811661,0.2844131674745495,0.4901121818616903,0.5892812861067649,0.29099071148052424,0.3048681186322154
954817,10,103,0.3961981481986293,0.3212865736982081,0.7381322332569533,0.700711569096793,0.341934085058324,0.3794249953985849
954858,8,103,0.250846006877195,0.2557224794873766,0.6702337380001124,0.5425024787669979,0.41938773112291744,0.2867799992796213
955053,12,103,0.3275860840937186,0.3213630237592438,0.7820591627278352,0.6113032659355948,0.45447307863411657,0.289940242176351
955208,1,103,0.2911328708027167,0.284432556528325,0.7948098418747089,0.671525605428157,0.5036769710719922,0.387093048899832
955597,8,103,0.2616426148962383,0.2571356787462091,0.648412039547852,0.5519243594240759,0.3867694246516137,0.29478868067786684
955626,6,103,0.2624005443222215,0.3828200673659948,0.567860633910994,0.6510084301431532,0.30546008958877247,0.26818836277715846
956277,6,103,0.2622077051582338,0.2623550010492665,0.6410153875140353,0.6864832320918608,0.37880768235580153,0.4241282310425943
956341,10,103,0.3425516339473001,0.3369758531854185,0.792606384540452,0.7950451575461694,0.45005475059315186,0.45806930436075094
956553,10,103,0.3199279286148768,0.3352100992430492,0.7260206407486548,0.7826085210268903,0.406092712133778,0.4473984217838411
956610,12,103,0.3656777999509533,0.3415456683771785,0.7931641010557494,0.5957731038839565,0.42748630110479613,0.25422743550677807
956709,1,103,0.1902695738059536,0.182961734283734,0.5790595566316956,0.5780736201512772,0.388789982825742,0.3951118858675432
956754,8,103,0.3334673323820603,0.2455660595190225,0.7875623279098076,0.54246052550267,0.45409499552774735,0.2968944659836475
956905,1,103,0.2372126278172146,0.222141169487952,0.6551293963887928,0.7115325123565496,0.4179167685715781,0.48939134286859753
956935,8,103,0.3012356764500409,0.2949999545663885,0.6852566550165442,0.6194740528503547,0.3840209785665033,0.32447409828396623
956956,6,103,0.2246675659944869,0.2597156380766088,0.7226001993754296,0.6338640157486379,0.49793263338094274,0.37414837767202913
956958,12,103,0.2650320418858076,0.2807525394864029,0.8638662519919496,0.5375100543510719,0.5988342101061419,0.256757514864669
956963,6,103,0.3571818872621831,0.3132058249418891,0.5848964127540003,0.6152053346004788,0.2277145254918172,0.3019995096585897
957076,6,103,0.2941422909376521,0.3367249931800832,0.5796337198101925,0.4774480018079016,0.2854914288725404,0.1407230086278184
957832,1,103,0.2461567326559103,0.3028580702275438,0.6106593599449281,0.7085763591162324,0.36450262728901783,0.4057182888886886
957906,10,103,0.3485660758385521,0.3583386129036567,0.7435536622993534,0.772467152900383,0.3949875864608013,0.41412853999672633
958184,3,103,0.2803823827043493,0.2444517991969698,0.5869028607324259,0.5688919259412941,0.30652047802807664,0.3244401267443243
958431,1,103,0.2956019557602839,0.2636826382506628,0.7035846625806373,0.5467961161273465,0.4079827068203534,0.2831134778766837
958490,6,103,0.2120151068931132,0.3733648373021457,0.5857738037867328,0.5629203496556625,0.3737586968936196,0.1895555123535168
958520,12,103,0.2874183520196836,0.392317231347148,0.7628939752412873,0.6077317291127777,0.47547562322160375,0.2154144977656297
958629,1,103,0.185182636566037,0.1950457179060646,0.6525440400970499,0.6920131767152984,0.4673614035310129,0.49696745880923376
958636,3,103,0.2385658946241251,0.1978717996611832,0.5696314892881457,0.5242542343926008,0.3310655946640205,0.3263824347314176
958642,10,103,0.330662855138929,0.3742963307546559,0.7645719583056837,0.8119760135632645,0.4339091031667547,0.43767968280860864
958700,12,103,0.3284476275804997,0.3017486629546519,0.7772485340049273,0.6228284326758097,0.4488009064244276,0.32107976972115776
958853,10,103,0.356179975800912,0.3368593644818872,0.7132030437184211,0.5930392857400388,0.35702306791750915,0.25617992125815164
959307,1,103,0.2059881036702069,0.3129995222738808,0.7188367168842205,0.5237305561940075,0.5128486132140135,0.21073103392012676
959426,8,103,0.2509859424444025,0.2452327279908955,0.6993763415806303,0.5684429710254066,0.44839039913622786,0.3232102430345112
959445,1,103,0.1938179172659649,0.3659018003237828,0.6714712179236593,0.5147824161359625,0.4776533006576944,0.14888061581217976
959529,6,103,0.2578542351249482,0.2771145169514046,0.6095249936243838,0.6082929396647069,0.35167075849943563,0.3311784227133023
959674,6,103,0.3005869874239292,0.3216081757614772,0.622341967702212,0.6435718526446208,0.32175498027828275,0.3219636768831436
959704,12,103,0.2594443678654016,0.3655824655858647,0.8311301054636053,0.6336313311690378,0.5716857375982037,0.2680488655831731
959706,3,103,0.2389790154257376,0.22060957520596,0.5894092626688896,0.5435854439218601,0.35043024724315197,0.3229758687159001
959864,8,103,0.2503539092174315,0.2338551640209639,0.7271967675145258,0.5549700768163544,0.4768428582970943,0.32111491279539045
960007,1,103,0.2541468238737406,0.2590898653936482,0.7078751851424798,0.6713793826317346,0.4537283612687392,0.4122895172380864
960368,6,103,0.2126038879117144,0.324924552778369,0.6607115122534506,0.6622754980823665,0.44810762434173623,0.3373509453039975
960539,1,103,0.1446267434679746,0.2540553351317561,0.665782431012528,0.6350839488907931,0.5211556875445533,0.381028613759037
960735,6,103,0.2933481386891748,0.2097186201559812,0.670540022760792,0.6604566754456679,0.37719188407161724,0.4507380552896867
960916,8,103,0.2547548547177163,0.2392380288797216,0.6274556991724405,0.6027188486813855,0.3727008444547242,0.3634808198016639
960935,6,103,0.260876478681818,0.2876980558554152,0.6802596914460568,0.629320522888661,0.4193832127642388,0.34162246703324584
961251,1,103,0.2093549802942618,0.2421686870850972,0.6842693747039785,0.6897699822535608,0.4749143944097167,0.4476012951684636
961501,12,103,0.2914045858166661,0.3505824555871919,0.7927808093916701,0.6498710408059165,0.5013762235750039,0.2992885852187246
961672,8,103,0.2023798322759017,0.2164701223969511,0.6328719500100899,0.5443289401713038,0.43049211773418816,0.3278588177743528
961738,6,103,0.2914205977561988,0.325949334436833,0.6217991128441067,0.6518505860199174,0.33037851508790794,0.3259012515830844
962206,6,103,0.2275517947500664,0.2954087405143132,0.7056828423852731,0.7087785777706166,0.47813104763520675,0.4133698372563034
962521,6,103,0.2972207720118545,0.2765532161609153,0.650015322072189,0.6103506359823344,0.35279455006033456,0.3337974198214191
962585,12,103,0.4418531606839016,0.2732159555731771,0.719878829094796,0.5694569917090404,0.2780256684108943,0.2962410361358633
962886,10,103,0.3294213180267543,0.2313663198889796,0.7154641785274883,0.7196815922099711,0.38604286050073405,0.4883152723209915
962899,8,103,0.2140749424502935,0.1978589321976354,0.6755609682761146,0.5668012469342563,0.4614860258258211,0.36894231473662087
963054,6,103,0.32081981771719,0.3481798646011349,0.5902631239277387,0.6832002928234706,0.26944330621054874,0.3350204282223357
963111,6,103,0.1386300384014847,0.294409858426393,0.6055324766062623,0.6625157924557671,0.4669024382047776,0.3681059340293741
963129,3,103,0.1715236843666916,0.2657392757269061,0.4840999819069024,0.4514607777535734,0.31257629754021077,0.18572150202666732
963270,8,103,0.1207532506087377,0.2175139894904,0.6425402677146003,0.5335285236021023,0.5217870171058625,0.3160145341117023
963394,8,103,0.3793004863555831,0.2752601868748514,0.633680016916436,0.5871111923025257,0.25437953056085294,0.31185100542767435
963423,8,103,0.3119893274030588,0.2736052909431056,0.8281304275963696,0.6199160237679202,0.5161411001933107,0.3463107328248146
963433,8,103,0.316476221981193,0.2241782966507995,0.676152737240848,0.5887317318622284,0.359676515259655,0.3645534352114289
963520,12,103,0.3921577785193133,0.2961575954306629,0.9200067002226148,0.629091592971833,0.5278489217033014,0.33293399754117015
963670,6,103,0.2599474396894691,0.2424012864187141,0.6484867516858701,0.6328012717289125,0.388539311996401,0.3903999853101984
963681,6,103,0.3452366008432371,0.3056067217543843,0.5917031959395758,0.7146749014680499,0.24646659509633867,0.4090681797136656
963801,6,103,0.2929360521848151,0.325543061507762,0.5397202920086197,0.669923898322832,0.2467842398238046,0.3443808368150699
963858,8,103,0.2283060125007291,0.2292129621129875,0.6659082604534872,0.5846749167040959,0.43760224795275804,0.3554619545911084
964083,8,103,0.2097087871624939,0.2386570941073608,0.6964943678733759,0.6360135470026519,0.48678558071088207,0.3973564528952911
964187,6,103,0.1758013970226959,0.292289574451636,0.6170958294969342,0.7207990866383509,0.4412944324742383,0.4285095121867149
964389,1,103,0.1882781800644162,0.1872794446017901,0.6573433734023304,0.7302900911592856,0.4690651933379142,0.5430106465574954
964726,3,103,0.2617768394875443,0.2524382001963134,0.4028277415960785,0.4645060035204466,0.14105090210853416,0.21206780332413316
964922,6,103,0.1719488907348907,0.189076508360389,0.6557138695968643,0.6336026809907549,0.48376497886197356,0.44452617263036587
965258,10,103,0.3498022157419148,0.3444369810336913,0.6889262074437661,0.79134014510726,0.3391239917018513,0.4469031640735687
965452,6,103,0.265242456425717,0.2419584061134515,0.6069057957035447,0.6309249710334144,0.34166333927782777,0.38896656491996284
965585,12,103,0.3102185979728516,0.4067546484007637,0.6735896019009533,0.6454922306936591,0.3633710039281017,0.23873758229289543
965677,10,103,0.2827470843847873,0.3577665876005736,0.7303545790509736,0.7889993361175965,0.44760749466618627,0.4312327485170229
965840,6,103,0.2052157397636475,0.3270264460006445,0.7144240322547062,0.658166207730997,0.5092082924910587,0.3311397617303525
966088,12,103,0.2676307111278014,0.2977026278496923,0.808948551715627,0.5477509724619177,0.5413178405878256,0.2500483446122254
966391,12,103,0.358545376842759,0.3507735427654159,0.7721711964290343,0.5764918454893173,0.4136258195862753,0.22571830272390142
966498,6,103,0.1972897642456208,0.3847515707896379,0.5965735304138147,0.6296301839152455,0.39928376616819383,0.2448786131256076
966600,6,103,0.2711128727124581,0.2225467105082197,0.6034348170903621,0.6833623870840704,0.33232194437790397,0.46081567657585065
966649,1,103,0.2464042928766106,0.345393797521646,0.5556907671868134,0.6484629236487431,0.30928647431020284,0.30306912612709713
966652,6,103,0.2657069187758956,0.1934593388208245,0.6833633367115369,0.5708979938824688,0.41765641793564134,0.37743865506164426
966672,6,103,0.2597740760988369,0.2802584815646632,0.5385214702151415,0.6302173700881712,0.2787473941163046,0.34995888852350804
966692,10,103,0.3714729711120569,0.2612875355772414,0.7244402156014489,0.735678071304409,0.352967244489392,0.4743905357271676
967214,6,103,0.2811097597921437,0.2989178097136392,0.6549412110507066,0.6036569291521712,0.3738314512585629,0.304739119438532
967353,10,103,0.3758409791465127,0.2612999153137098,0.7907834881654078,0.6538671232962363,0.41494250901889507,0.39256720798252653
967844,6,103,0.1715293809238647,0.2512453570080364,0.6556153711572201,0.7692258248443486,0.4840859902333554,0.5179804678363122
967846,6,103,0.2310068045261641,0.1954009041040159,0.64001597064963,0.6959564448472094,0.40900916612346594,0.5005555407431935
967891,3,103,0.3679375147475562,0.2712210069886017,0.4819702734973881,0.5983714654862748,0.11403275874983188,0.32715045849767316
968040,10,103,0.307368243899924,0.4298215736138827,0.7220577945466585,0.6170588497799869,0.4146895506467345,0.18723727616610425
968164,12,103,0.4033610518870324,0.3308489938684636,0.7182122518843047,0.6392304345354012,0.3148511999972723,0.30838144066693757
968329,12,103,0.3640976414400979,0.3536557538403025,0.7655560686673014,0.5464848564672797,0.40145842722720354,0.19282910262697722
968367,8,103,0.2843726670930125,0.180836040777882,0.647777630832467,0.5946343320382705,0.36340496373945447,0.41379829126038853
968370,6,103,0.2721453128710237,0.3756630176529033,0.6271922551971973,0.7399997491419933,0.3550469423261736,0.36433673148909
968609,1,103,0.2013656644628543,0.2057247722384592,0.6408111846889025,0.6190322804558818,0.4394455202260482,0.41330750821742257
968727,8,103,0.2838513678662113,0.3579241011577206,0.7202107800574097,0.6566240938258024,0.4363594121911984,0.29869999266808184
968855,12,103,0.2579932063090346,0.3854163419733334,0.7620853943797524,0.590170110828139,0.5040921880707179,0.20475376885480556
969050,3,103,0.2648877971772116,0.2179899308843237,0.5242024749938009,0.5504487034775323,0.2593146778165893,0.33245877259320855
969066,1,103,0.1907411816633307,0.2538912678879949,0.5626654259419688,0.6051670177410646,0.37192424427863807,0.35127574985306975
969127,6,103,0.2995583075372323,0.2418740371568454,0.6542689465114627,0.6361845300680513,0.35471063897423044,0.3943104929112059
969161,1,103,0.2532677532033793,0.2795650691779134,0.6053079484412625,0.6248668491209275,0.35204019523788316,0.3453017799430141
969232,12,103,0.2935345881435925,0.4010980661048816,0.7409370315482655,0.558417216736388,0.447402443404673,0.15731915063150642
969537,12,103,0.3621620993439775,0.2716774546171282,0.8147441945293579,0.5253877080610739,0.4525820951853804,0.2537102534439457
969833,6,103,0.2643160942934512,0.2266185373641526,0.6158248138842812,0.6288969786311429,0.35150871959083,0.4022784412669903
969871,6,103,0.292083756332033,0.2715469762144286,0.6814128504741832,0.6246859957102301,0.3893290941421502,0.3531390194958015
969893,3,103,0.3401305267815938,0.2474462157469336,0.4392686202198478,0.4936484662293324,0.09913809343825403,0.2462022504823988
970106,6,103,0.2444879848496971,0.2844040621576417,0.6725312634962959,0.6344349631091968,0.42804327864659875,0.3500309009515551
970415,6,103,0.2767982128530857,0.282165489877468,0.5558793898169689,0.572032845855868,0.27908117696388324,0.2898673559784
970506,6,103,0.2876725289779879,0.2532603390212457,0.5791311011566016,0.6373303043317226,0.2914585721786137,0.3840699653104769
970572,6,103,0.1864858596262374,0.2438451385671339,0.6005401763983521,0.6675845129112945,0.4140543167721147,0.4237393743441606
971046,12,103,0.3462788016397245,0.3030867431315703,0.7754082078780833,0.5901331295794554,0.42912940623835877,0.2870463864478851
971092,6,103,0.3237511094657904,0.3044831625319877,0.6424777635703774,0.624907367135473,0.31872665410458706,0.3204242046034853
971204,6,103,0.2946516032637107,0.1455723094416334,0.5674848059556445,0.6434336925498804,0.27283320269193384,0.49786138310824696
971383,10,103,0.2648014294609462,0.3554157413910709,0.6364247586150464,0.7203720514524936,0.37162332915410023,0.3649563100614227
971407,8,103,0.2315961976307755,0.3137525237810795,0.722555723488538,0.5827106907510218,0.49095952585776254,0.2689581669699423
971444,8,103,0.2480867200700241,0.3962439489296089,0.7240217055869038,0.6358736154273893,0.47593498551687974,0.2396296664977804
971646,12,103,0.3347865908822826,0.3475714093776842,0.8239817161973507,0.6304111090976284,0.48919512531506815,0.2828396997199442
971719,3,103,0.232725218426672,0.0461583875485974,0.4726605916525499,0.4868091861867527,0.23993537322587793,0.44065079863815526
971744,8,103,0.3466561283831706,0.2664633179318816,0.6362164799015313,0.5556059548580569,0.2895603515183607,0.28914263692617526
971979,1,103,0.1810423443493588,0.2308803541117476,0.639434133505302,0.5238536382007516,0.45839178915594314,0.292973284089004
972081,6,103,0.2426431069901782,0.3020451472805053,0.6157913769278723,0.7178538628613831,0.3731482699376941,0.4158087155808778
972257,6,103,0.2076926654659563,0.3054059532873122,0.6652375411258945,0.6364992870071532,0.4575448756599382,0.331093333719841
972348,12,103,0.3182451380860475,0.3848186026787826,0.7869589571036713,0.6344940493133384,0.46871381901762377,0.24967544663455582
972372,12,103,0.3963947225387835,0.4121359230679761,0.7408887691734084,0.6074931143103995,0.3444940466346249,0.19535719124242346
972390,6,103,0.2627653477901412,0.3131791246817371,0.6614095525776423,0.5872664665758395,0.3986442047875011,0.2740873418941024
972408,6,103,0.2710553125515614,0.2872858440058817,0.6784335030987111,0.7229606755922939,0.4073781905471497,0.43567483158641224
972436,10,103,0.3692009152931438,0.3851841821039373,0.7095328445275745,0.6640837496715406,0.3403319292344307,0.2788995675676033
972716,3,103,0.3280546761131467,0.1739935806778033,0.5011618110693816,0.4813617126554333,0.17310713495623492,0.30736813197763
972777,10,103,0.3071120783064479,0.3964158585774059,0.6571437888009831,0.6563887978076173,0.35003171049453524,0.25997293923021136
972859,12,103,0.3038286616339665,0.3733982638571732,0.7094558873420351,0.6058660860148538,0.40562722570806864,0.23246782215768064
972900,12,103,0.3518929696181246,0.392702323155732,0.7964876214498691,0.5979612040821528,0.44459465183174446,0.2052588809264208
972915,6,103,0.2902158105624723,0.2871842279534306,0.6654118992266215,0.613702844239057,0.37519608866414916,0.32651861628562634
973014,1,103,0.2426570851220576,0.3193085613562937,0.6283798678311147,0.5899410973012236,0.385722782709057,0.27063253594492986
973393,6,103,0.3509385250570425,0.3620959239155895,0.6191516906580378,0.6437399902367821,0.2682131656009953,0.2816440663211926
973450,6,103,0.2582320221946295,0.2481256179089152,0.6978923191422748,0.6973121017165872,0.4396602969476453,0.449186483807672
973539,6,103,0.3074071615358975,0.3456715374967395,0.5618878634691137,0.7430503091877069,0.2544807019332162,0.39737877169096736
973563,6,103,0.2512755921188476,0.2440962984407151,0.581191949072765,0.5519116979655883,0.32991635695391736,0.30781539952487313
973623,1,103,0.2547271313801454,0.2722466227124851,0.6484974268909327,0.6360668741780823,0.3937702955107873,0.36382025146559716
973646,10,103,0.3155079692595389,0.2867125473462442,0.7981613259586707,0.7221773444807754,0.48265335669913184,0.43546479713453123
973753,10,103,0.2695427707710405,0.3001618820801046,0.751338124009985,0.7044224424257667,0.4817953532389445,0.4042605603456621
973897,6,103,0.2502126927763688,0.2933856162183216,0.6772564932781777,0.7151615068179717,0.4270438005018089,0.42177589059965015
974318,8,103,0.2761925424267339,0.2461408137784657,0.6563202733147371,0.5303692616317764,0.38012773088800317,0.28422844785331075
974696,12,103,0.2805292339480046,0.4142711307320553,0.8686028883876683,0.5754808794152086,0.5880736544396636,0.16120974868315335
974890,3,103,0.1771477343206224,0.257716598113745,0.5374777062163201,0.5629618863651755,0.3603299718956977,0.30524528825143055
975152,6,103,0.2399752059869515,0.2964403784911745,0.6576572132646987,0.6551890238160191,0.41768200727774724,0.3587486453248446
975259,6,103,0.2531491879916832,0.2686967606891344,0.6142859885552217,0.6866445986513294,0.3611368005635385,0.41794783796219503
975395,6,103,0.2191078183288191,0.2437925147589596,0.6351996398412173,0.6382226060744545,0.4160918215123982,0.3944300913154949
975615,3,103,0.3226147324300781,0.2036205209025053,0.4730485976768503,0.4958927073369609,0.1504338652467722,0.2922721864344556
975627,8,103,0.272450107620609,0.3527145039767034,0.640536538336392,0.5325876882207976,0.368086430715783,0.1798731842440942
975631,12,103,0.2885715061475016,0.3973346814458154,0.7669821744104592,0.717168731316447,0.47841066826295764,0.3198340498706316
976136,6,103,0.2385373917599662,0.3112286427613972,0.6792603687003745,0.7245767927726442,0.44072297694040835,0.413348150011247
976259,6,103,0.3218565846580935,0.2372172883578309,0.6303787031499929,0.6903042585527959,0.30852211849189937,0.45308697019496497
976300,6,103,0.2900075509169103,0.3668674336332453,0.6500250776024253,0.7319201037237247,0.36001752668551507,0.3650526700904794
976420,10,103,0.465045702296508,0.3683714658081525,0.6808892511727008,0.6775496753506278,0.21584354887619284,0.3091782095424753
976525,10,103,0.3218842346289617,0.2267060530096189,0.7206344797746675,0.6529113487617546,0.39875024514570584,0.4262052957521357
976553,12,103,0.3053238218972748,0.3588998103110579,0.6924610136930609,0.6076503741413828,0.3871371917957861,0.2487505638303249
976649,12,103,0.3328865799881308,0.3638198196368866,0.8187170353265917,0.5604586491451117,0.48583045533846086,0.1966388295082251
977131,1,103,0.2848125274993203,0.2469653010568797,0.5894156406961784,0.6398621640699019,0.30460311319685807,0.39289686301302224
977210,8,103,0.2631841234025043,0.2624724901395003,0.6600291377592973,0.6523391691194091,0.396845014356793,0.38986667897990884
977233,6,103,0.2892443503260394,0.3118950698635696,0.627147085753973,0.5815218879506789,0.33790273542793364,0.26962681808710937
977367,6,103,0.2742396426119332,0.2599354942736885,0.6613021054744773,0.6699006736708066,0.38706246286254414,0.40996517939711813
977533,6,103,0.2795739086290124,0.2744050212860561,0.6757388563167592,0.6189392903834666,0.39616494768774685,0.34453426909741053
977590,12,103,0.2588758043541018,0.3134606524912965,0.7966980168243409,0.6092080987126085,0.5378222124702392,0.295747446221312
977737,12,103,0.2498426637773464,0.3518709701756702,0.7685246774261998,0.5855541863035547,0.5186820136488534,0.2336832161278845
977875,12,103,0.4165225341661677,0.3366776760682586,0.8622443885623923,0.5451116091005872,0.4457218543962246,0.2084339330323286
977940,6,103,0.3233590831247602,0.2871465464821489,0.6436424051205551,0.6396777844715854,0.32028332199579496,0.35253123798943653
978234,10,103,0.2273098042762149,0.3246468987363169,0.7427534934673883,0.6643936271627441,0.5154436891911733,0.33974672842642717
978297,3,103,0.2986185663352485,0.2459857007323066,0.5122620578168727,0.5100671833452277,0.2136434914816242,0.2640814826129211
978313,10,103,0.3447979521960371,0.3431580765636027,0.769362142966339,0.728430834656031,0.4245641907703019,0.3852727580924283
978502,10,103,0.3143502112875441,0.4189800128914283,0.6777522429015693,0.7150207175716623,0.36340203161402523,0.296040704680234
978508,1,103,0.2360999055348945,0.2699058381327019,0.6672385534783655,0.6124914502669467,0.431138647943471,0.3425856121342448
979040,8,103,0.2575566238957262,0.1834671766210986,0.6483286765839453,0.5378603973259088,0.39077205268821913,0.3543932207048103
979124,1,103,0.2538608870751295,0.1256186754212568,0.6578151318756703,0.6078518976980177,0.4039542448005408,0.4822332222767609
979207,8,103,0.2345482593895845,0.2984609466760346,0.70201125388326,0.6121785939652926,0.4674629944936755,0.313717647289258
979224,6,103,0.2353500817058582,0.2349583045738525,0.7216442560454102,0.7164556589226583,0.48629417433955197,0.4814973543488058
979300,1,103,0.2432604304175922,0.2615470902514861,0.6988238997288874,0.6886598281753002,0.45556346931129515,0.42711273792381416
979323,6,103,0.3261169014821951,0.2782403396521874,0.5267876930783192,0.6140718508517906,0.2006707915961241,0.3358315111996032
979437,3,103,0.2473713493702237,0.2403945589457208,0.4646309337870515,0.4151837587626319,0.2172595844168278,0.17478919981691113
979896,10,103,0.3882227674617992,0.2672543321444973,0.7465071631158204,0.6601361628104613,0.35828439565402126,0.392881830665964
980225,8,103,0.269525940523032,0.2856285423866892,0.6302113261464635,0.6033200632815678,0.36068538562343144,0.3176915208948786
980325,12,103,0.3162519913694296,0.3689089872262693,0.6423342310410292,0.5225174340050651,0.32608223967159955,0.15360844677879582
980366,8,103,0.2481470438189698,0.3141102506188389,0.7231182300830561,0.6262283004323079,0.4749711862640863,0.312118049813469
980467,1,103,0.1789965827816115,0.1344138868374084,0.7258045323576672,0.6127265800630723,0.5468079495760556,0.47831269322566394
980571,1,103,0.2150487790075787,0.2331812971544392,0.7128018110222786,0.67484585656601,0.4977530320146999,0.44166455941157085
980703,12,103,0.3582700726172964,0.3409720672048528,0.6672345992853792,0.5443048137671125,0.30896452666808283,0.2033327465622597
980735,12,103,0.332948262771487,0.3237223431245124,0.7157683922307543,0.5550657236420214,0.3828201294592673,0.23134338051750902
980917,8,103,0.2596835491352176,0.2539772553969209,0.7290399497658675,0.5593476535154053,0.46935640063064993,0.3053703981184844
981216,6,103,0.2558848297041329,0.2652490671160901,0.6163424205525816,0.6279770466513207,0.3604575908484487,0.3627279795352306
981901,10,103,0.2675787676392914,0.291491028330284,0.8176745744303084,0.7346304734106963,0.5500958067910171,0.4431394450804123
981921,6,103,0.3093162938845055,0.3116521269513774,0.626634747435276,0.6365964703413219,0.31731845355077054,0.32494434338994455
981925,8,103,0.296525556867017,0.2901887095507245,0.6864932020928762,0.6166083173125912,0.38996764522585925,0.32641960776186674
982286,10,103,0.3894914072425904,0.3511483954164313,0.7084225237101632,0.6381611691416361,0.31893111646757283,0.28701277372520484
982458,3,103,0.280275690641584,0.1707485125878621,0.5325376040314105,0.465572265365012,0.2522619133898265,0.2948237527771499
982544,12,103,0.3327319159481176,0.3900322968364401,0.8486040776700112,0.5974838679962636,0.5158721617218937,0.20745157115982354
982559,10,103,0.3572008388196673,0.2477755124315968,0.7340471703885655,0.7158328649205445,0.3768463315688982,0.46805735248894775
982597,1,103,0.2346310803397857,0.2859316575773515,0.6623176159568108,0.6077908005151579,0.42768653561702513,0.3218591429378064
982714,6,103,0.2585066784178338,0.2561674481049397,0.5165139399657235,0.6634181379447059,0.25800726154788967,0.40725068983976626
982804,6,103,0.3270882195142396,0.2529698200381317,0.6083421064203564,0.6241977625961388,0.28125388690611675,0.3712279425580071
982823,6,103,0.2358817009363389,0.2491373401002904,0.5746497967400573,0.6904895305054268,0.33876809580371847,0.4413521904051364
982844,6,103,0.3173234291962605,0.3195098946251371,0.5901607222881657,0.6367698899279575,0.27283729309190524,0.31725999530282034
983105,6,103,0.3134713149300498,0.2915875717484584,0.604005593792167,0.6319441137665333,0.2905342788621172,0.34035654201807486
983146,12,103,0.4321278652234591,0.3281018244262006,0.8772242064029552,0.5648732556039809,0.4450963411794961,0.23677143117778032
983226,6,103,0.2878249544769206,0.2946338687654935,0.580241747390687,0.7235643362942619,0.29241679291376643,0.42893046752876834
983236,8,103,0.1954356490400224,0.2708187448643406,0.5833207024653172,0.5104306285405003,0.3878850534252948,0.23961188367615965
983688,1,103,0.2056647429569663,0.2666265514130272,0.6013989437161331,0.6095504691531657,0.3957342007591668,0.3429239177401385
983916,1,103,0.2562098557620335,0.2122756382875278,0.6429580597510978,0.5917279295349918,0.3867482039890643,0.37945229124746394
985041,6,103,0.2110978720806622,0.2272570199291311,0.6699920645811421,0.6798977329211344,0.4588941925004799,0.4526407129920033
985359,12,103,0.3962181618712823,0.3383115999091604,0.6493483386098464,0.5506377563890709,0.25313017673856414,0.2123261564799105
985515,1,103,0.2816148713312743,0.1808116664211925,0.6451266823320599,0.6512302928289962,0.36351181100078567,0.47041862640780374
985742,8,103,0.2961252942182224,0.1381822718542454,0.6503550814580736,0.5269383306787356,0.3542297872398512,0.38875605882449027
985835,8,103,0.3456278670970283,0.3406145468098492,0.6715796943546982,0.581865141784175,0.3259518272576699,0.24125059497432583
986131,3,103,0.3190423024972597,0.2283701309990575,0.4374152008744734,0.5711162549233769,0.11837289837721371,0.3427461239243194
986340,3,103,0.3050206132931735,0.2748922224158774,0.5746786181735458,0.5126550228234735,0.26965800488037234,0.23776280040759612
986415,10,103,0.4393668125828177,0.3305249472891249,0.6615426129166712,0.783578269470497,0.22217580033385348,0.4530533221813721
986607,6,103,0.2502000779936885,0.2207659999231067,0.6340952855553611,0.7335045527553612,0.3838952075616726,0.5127385528322546
986917,6,103,0.2311585640957463,0.2307469765084994,0.6682312806335953,0.6954295995622405,0.43707271653784896,0.4646826230537411
987052,12,103,0.2389614667359181,0.3643389625316067,0.8079139189449653,0.5850356574990199,0.5689524522090472,0.22069669496741318
987242,12,103,0.2589727952299357,0.347146293721792,0.7338569630038201,0.6222902356033537,0.47488416777388437,0.2751439418815617
987323,12,103,0.3163985650641804,0.3429715859875424,0.8396464778231283,0.5964848115552432,0.5232479127589479,0.25351322556770084
987376,1,103,0.1921298863246695,0.2369960378069813,0.5580055553389547,0.6381215487794386,0.36587566901428514,0.4011255109724573
987397,6,103,0.3011453144009222,0.2450274725848814,0.6895947902699513,0.5772176620585784,0.3884494758690291,0.332190189473697
987543,12,103,0.4322649726653521,0.3192494527380451,0.7814047162864269,0.5973777651977019,0.34913974362107486,0.2781283124596568
987597,1,103,0.3418734791104212,0.2315353531979424,0.6027293855388334,0.7092815201236892,0.26085590642841217,0.4777461669257468
987802,6,103,0.2888100174364801,0.2396761633425644,0.6011157907015933,0.6904836525073009,0.31230577326511316,0.45080748916473656
988315,12,103,0.3416659615050031,0.3758303273905289,0.8616769211022313,0.6470372890979388,0.5200109595972282,0.2712069617074099
988614,12,103,0.3064806557882495,0.380203540819477,0.7339400276280874,0.5171538652168572,0.4274593718398379,0.13695032439738025
988654,3,103,0.2802819560692025,0.2167129692040099,0.5038747584818588,0.5013514980316445,0.22359280241265633,0.2846385288276346
988664,6,103,0.2772965544671523,0.3425693838676729,0.5722941213259258,0.6885708018212028,0.29499756685877354,0.3460014179535299
989181,1,103,0.2889336969621441,0.2322485303659777,0.6112713751303395,0.620788387320309,0.32233767816819536,0.38853985695433135
989193,12,103,0.3455474422788642,0.3732348651825672,0.7992000788289094,0.6179483056645861,0.45365263655004523,0.24471344048201893
989577,10,103,0.3686978132260708,0.3603324847435996,0.6726919946004669,0.7142759265756433,0.3039941813743961,0.35394344183204374
989752,6,103,0.2343044712940933,0.2515241151158132,0.6289738357863478,0.7638665610464146,0.39466936449225454,0.5123424459306014
990039,12,103,0.4201262513633488,0.2990279251750718,0.7139318213962711,0.562114289253895,0.2938055700329223,0.26308636407882313
990063,3,103,0.3279228269474348,0.3158124071415085,0.4818055849020339,0.4706480637642175,0.1538827579545991,0.15483565662270898
990133,10,103,0.2783012367843456,0.3763636654012003,0.7051162439066524,0.7323131211623543,0.4268150071223068,0.35594945576115394
990358,6,103,0.233208397964272,0.2339363076723243,0.6041670142198423,0.6259232561372207,0.3709586162555703,0.39198694846489635
990550,8,103,0.147031238575172,0.3190216797450801,0.6618558980631706,0.5461600356445406,0.5148246594879986,0.22713835589946052
990576,1,103,0.2918533021593825,0.2163259557385777,0.7540841109176395,0.5234039604556078,0.462230808758257,0.30707800471703006
991216,10,103,0.3230161948470503,0.3239199593596543,0.7095563471798522,0.6154502920754333,0.38654015233280187,0.29153033271577905
991278,6,103,0.2163597984425229,0.2400437648267602,0.655826705942569,0.6307151875264898,0.4394669075000461,0.3906714226997296
991323,12,103,0.3754274473525338,0.4476764448747345,0.7252130952719056,0.6031720800473895,0.3497856479193718,0.15549563517265502
991409,10,103,0.3337479638985906,0.3465800040105151,0.7349781000825781,0.72916570619962,0.4012301361839875,0.38258570218910487
991504,3,103,0.3684290890964903,0.2464008741234319,0.5566893508603866,0.4864494972052524,0.18826026176389632,0.24004862308182048
991514,6,103,0.2144076625954563,0.3016842851744225,0.6747331506903843,0.5950695571418193,0.460325488094928,0.29338527196739683
991699,6,103,0.2320423324350409,0.2357917074951272,0.6084624506577799,0.6863194866336505,0.376420118222739,0.45052777913852327
992222,3,103,0.3484531705952209,0.231208741314231,0.4935080724652284,0.5679098395245363,0.14505490187000747,0.33670109821030536
992273,12,103,0.3592410510414234,0.3376773408994491,0.7350012880912804,0.5930528461527138,0.375760237049857,0.2553755052532647
992508,8,103,0.2157821193026406,0.2317524996517526,0.7655705017336468,0.5736377612071619,0.5497883824310063,0.3418852615554093
992617,10,103,0.3670600537926324,0.3554780372146642,0.7453354429419049,0.7108843791378756,0.3782753891492725,0.3554063419232114
993000,6,103,0.1975441211728784,0.1545351927823415,0.6550997318898436,0.5935173319808792,0.4575556107169652,0.4389821391985377
993123,10,103,0.3437364198409709,0.3042208729810944,0.7020227976796943,0.7768858202161613,0.3582863778387234,0.47266494723506686
993553,6,103,0.239155404755238,0.3038683579075614,0.6056414091611515,0.693608097470873,0.3664860044059135,0.38973973956331165
993750,8,103,0.192485564346077,0.3151300473743869,0.6319103059530664,0.608699251418934,0.4394247416069894,0.2935692040445471
994099,10,103,0.3294861090541549,0.3180762694023897,0.7071195336230659,0.7917227986179356,0.377633424568911,0.4736465292155459
994130,6,103,0.1670924123229012,0.32074154352439,0.6649771769301095,0.6864874483749304,0.4978847646072083,0.36574590485054037
994151,1,103,0.2196317694753427,0.2887986042574223,0.6650805233706915,0.656960355472186,0.44544875389534877,0.3681617512147637
994206,12,103,0.334731470407088,0.4034814359183191,0.6709139665240018,0.6383343229003025,0.3361824961169138,0.23485288698198337
994540,8,103,0.2102907874518518,0.3258981727005418,0.5524047682402699,0.5671307394694719,0.34211398078841804,0.24123256676893012
994609,6,103,0.2398728097647624,0.3843017096676838,0.6781975175933118,0.6347196879075802,0.4383247078285494,0.25041797823989637
994796,6,103,0.2095146786987035,0.3422888611991651,0.6522205086972903,0.7352194418553437,0.4427058299985868,0.39293058065617864
994884,12,103,0.3415011130680456,0.2953166184006399,0.8251091309999224,0.580371793378121,0.48360801793187685,0.28505517497748106
995033,8,103,0.2662648874145653,0.260325212999449,0.7219533205201994,0.60835714097769,0.45568843310563417,0.348031927978241
995111,8,103,0.2523727550578804,0.2817293063297194,0.6129600065023941,0.6955352973281375,0.3605872514445137,0.4138059909984181
995671,10,103,0.3702151093366789,0.3253772941402124,0.6527479137660106,0.669354448562615,0.2825328044293317,0.34397715442240256
995699,6,103,0.141465546856126,0.2967472956445013,0.6854600193741782,0.6674156396308665,0.5439944725180522,0.37066834398636517
995887,6,103,0.1961639027762284,0.3215879217698271,0.5818689624799201,0.7500356368328702,0.38570505970369173,0.42844771506304313
995944,1,103,0.155736887707635,0.2447697268291256,0.6168141609184802,0.5421154837090617,0.4610772732108452,0.29734575687993614
996199,8,103,0.2058619773725692,0.2484779394450774,0.6313635666630644,0.5798325318587946,0.4255015892904952,0.3313545924137172
996218,12,103,0.3420382087534698,0.256911634548555,0.6975151069665042,0.6646605482678605,0.3554768982130344,0.4077489137193055
996596,8,103,0.2251481976854759,0.253556331741817,0.7039424337955646,0.5724601328246368,0.47879423611008876,0.3189038010828198
996720,12,103,0.358415838372577,0.2469219166776369,0.7542344775482969,0.5760751330524819,0.39581863917571986,0.329153216374845
996848,8,103,0.2499527537361808,0.2239448308884093,0.8117100246021157,0.5550199261100374,0.5617572708659349,0.33107509522162804
997096,12,103,0.3660169346157178,0.3406260439309477,0.7800422498119653,0.5455881840951352,0.4140253151962475,0.2049621401641875
997180,3,103,0.3254327111721443,0.3609016758131453,0.4818561244458018,0.4917488025538756,0.1564234132736575,0.1308471267407303
997328,8,103,0.2699929951342464,0.2632212765812905,0.6510947938321515,0.6062451314552052,0.3811017986979051,0.3430238548739147
997364,12,103,0.331056769754501,0.3315139106897049,0.8212229871159765,0.5833660300816232,0.49016621736147553,0.2518521193919183
997886,10,103,0.3715579290207111,0.3977337629393223,0.737763721376299,0.6735664323317353,0.36620579235558787,0.275832669392413
998170,3,103,0.346615449000452,0.2265215862355381,0.5092736867198192,0.6332401286888667,0.16265823771936722,0.4067185424533286
998317,10,103,0.2894728832005006,0.354437800731274,0.7255564222109172,0.7514712779175661,0.43608353901041663,0.39703347718629206
998508,10,103,0.3418332850822215,0.37534442239576,0.6888644158444065,0.7462933041911889,0.347031130762185,0.3709488817954289
998873,12,103,0.3706970669049771,0.3693243429872326,0.6828384975400956,0.607076632227629,0.3121414306351185,0.23775228924039638
998958,12,103,0.3394014380724384,0.3760921049598324,0.7851899989036172,0.5898828432094563,0.4457885608311788,0.21379073824962386
998990,6,103,0.3810964152605304,0.2464784908500948,0.6556521521422404,0.6332875995732661,0.27455573688171,0.3868091087231713
999074,6,103,0.347460484486054,0.3234374372925346,0.558748472388151,0.7393141628119957,0.21128798790209696,0.4158767255194611
999288,1,103,0.2381340087358612,0.2115298286207148,0.8093330051955131,0.6949477464649599,0.5711989964596519,0.48341791784424515
999379,8,103,0.2502972601768785,0.1900171536230824,0.7321047692208924,0.566393314851125,0.4818075090440139,0.37637616122804257
999570,12,103,0.3537837460144988,0.3059401640647193,0.7063029793628078,0.6299506540043736,0.35251923334830904,0.32401048993965426
999728,12,103,0.4159253337152356,0.3288756059050089,0.688714260969448,0.6264411424994943,0.2727889272542124,0.2975655365944854
999848,3,103,0.2855354270703221,0.3306004833156534,0.5163634137442789,0.4872670975345078,0.23082798667395676,0.15666661421885442
999853,6,103,0.2850904592015253,0.2523328533746993,0.5911866981307295,0.6828476370045213,0.30609623892920423,0.43051478362982204
999951,8,103,0.1474067917460932,0.3362259078452223,0.6976889264922447,0.5381798221364992,0.5502821347461515,0.20195391429127685
